Location,Agent Name,Phone Number,Email
Academic City,Zayed Al Shamsi,+971502946179,zayed.al.shamsi@agencydubai.com
Al Barsha,Lina Al Marri,+971551863493,lina.al.marri@agencydubai.com
Al Furjan,Leila Al Ali,+971585982843,leila.al.ali@agencydubai.com
Al Kifaf,Omar Al Mansoori,+971528125354,omar.al.mansoori@agencydubai.com
Al Mamzar,Fatima Al Nuaimi,+971583895528,fatima.al.nuaimi@agencydubai.com
Al Mizhar,Leila Al Amiri,+971562377611,leila.al.amiri@agencydubai.com
Al Nahda,Hassan Al Mheiri,+971505164993,hassan.al.mheiri@agencydubai.com
Al Quoz,Hassan Al Qasimi,+971586672271,hassan.al.qasimi@agencydubai.com
Al Qusais,Noura Al Nuaimi,+971503144563,noura.al.nuaimi@agencydubai.com
Al Rashidiya,Fatima Al Habtoor,+971520914257,fatima.al.habtoor@agencydubai.com
Al Satwa,Jamal Al Shamsi,+971524354066,jamal.al.shamsi@agencydubai.com
Al Sufouh,Mariam Al Yousuf,+971559362880,mariam.al.yousuf@agencydubai.com
Al Twar,Omar Bin Rashid,+971560402296,omar.bin.rashid@agencydubai.com
Al Warqa,Aisha Bin Rashid,+971550870600,aisha.bin.rashid@agencydubai.com
Arabian Ranches,Sara Al Khoori,+971568370737,sara.al.khoori@agencydubai.com
Barsha Heights,Faisal Al Otaiba,+971558558277,faisal.al.otaiba@agencydubai.com
Bluewaters Island,Rania Bin Sulayem,+971553879244,rania.bin.sulayem@agencydubai.com
Bur Dubai,Mariam Al Habtoor,+971501393286,mariam.al.habtoor@agencydubai.com
Business Bay,Nada Al Habtoor,+971506244519,nada.al.habtoor@agencydubai.com
City Walk,Faisal Al Khoori,+971589157103,faisal.al.khoori@agencydubai.com
DAMAC Hills,Fatima Al Falasi,+971569724939,fatima.al.falasi@agencydubai.com
Deira,Omar Al Suwaidi,+971505933571,omar.al.suwaidi@agencydubai.com
Discovery Gardens,Faisal Bin Sulayem,+971527110786,faisal.bin.sulayem@agencydubai.com
Downtown Dubai,Mariam Al Khayat,+971567508115,mariam.al.khayat@agencydubai.com
Dubai Festival City,Faisal Al Shamsi,+971554495342,faisal.al.shamsi@agencydubai.com
Dubai Hills Estate,Jamal Al Mansoori,+971506214008,jamal.al.mansoori@agencydubai.com
Dubai Marina,Zayed Al Nuaimi,+971564286980,zayed.al.nuaimi@agencydubai.com
Dubai Silicon Oasis,Mariam Al Mheiri,+971566211648,mariam.al.mheiri@agencydubai.com
Dubai South,Rania Al Habtoor,+971502080286,rania.al.habtoor@agencydubai.com
Emirates Hills,Salim Al Marri,+971562385681,salim.al.marri@agencydubai.com
Green Community,Lina Al Suwaidi,+971521217814,lina.al.suwaidi@agencydubai.com
International City,Yusuf Al Otaiba,+971562832859,yusuf.al.otaiba@agencydubai.com
Jebel Ali,Lina Al Nuaimi,+971522053897,lina.al.nuaimi@agencydubai.com
Jumeirah,Omar Al Amiri,+971507859006,omar.al.amiri@agencydubai.com
Jumeirah Beach Residence,Leila Bin Rashid,+971585883072,leila.bin.rashid@agencydubai.com
Jumeirah Golf Estates,Nada Al Suwaidi,+971559688232,nada.al.suwaidi@agencydubai.com
Jumeirah Lakes Towers,Hassan Bin Rashid,+971529665251,hassan.bin.rashid@agencydubai.com
Jumeirah Village Circle,Leila Al Shehhi,+971566912954,leila.al.shehhi@agencydubai.com
Jumeirah Village Triangle,Omar Al Khayat,+971567863985,omar.al.khayat@agencydubai.com
Karama,Dina Al Khayat,+971581862849,dina.al.khayat@agencydubai.com
Lakes,Lina Al Shamsi,+971520799740,lina.al.shamsi@agencydubai.com
Meadows,Noura Al Zaabi,+971504709715,noura.al.zaabi@agencydubai.com
Mina Rashid,Hassan Al Amiri,+971584700136,hassan.al.amiri@agencydubai.com
Mirdif,Fatima Al Mansoori,+971529450032,fatima.al.mansoori@agencydubai.com
Motor City,Lina Al Mansoori,+971566798936,lina.al.mansoori@agencydubai.com
Mudon,Yusuf Al Suwaidi,+971556592354,yusuf.al.suwaidi@agencydubai.com
Nad Al Sheba,Lina Al Zaabi,+971502461162,lina.al.zaabi@agencydubai.com
Palm Jumeirah,Salim Al Mansoori,+971557956721,salim.al.mansoori@agencydubai.com
Port De La Mer,Tariq Al Habtoor,+971561651973,tariq.al.habtoor@agencydubai.com
Port Saeed,Zayed Al Khayat,+971582562902,zayed.al.khayat@agencydubai.com
Ras Al Khor,Omar Al Nuaimi,+971556826891,omar.al.nuaimi@agencydubai.com
Satwa,Yusuf Al Ali,+971523876693,yusuf.al.ali@agencydubai.com
Springs,Rania Al Falasi,+971550406541,rania.al.falasi@agencydubai.com
Tecom,Zayed Al Amiri,+971583591185,zayed.al.amiri@agencydubai.com
The Greens,Sara Al Zaabi,+971550077888,sara.al.zaabi@agencydubai.com
The Views,Noura Al Mheiri,+971589848396,noura.al.mheiri@agencydubai.com
Tilal Al Ghaf,Salim Al Falasi,+971582879473,salim.al.falasi@agencydubai.com
University City,Dina Bin Sulayem,+971568214676,dina.bin.sulayem@agencydubai.com